etf_security_id,etf_name,constituent_ticker,weight_pct
ISF.L,iShares FTSE 100 ETF,BARC.L,2.1
ISF.L,iShares FTSE 100 ETF,HSBA.L,3.4
ISF.L,iShares FTSE 100 ETF,LLOY.L,1.8
ISF.L,iShares FTSE 100 ETF,NWG.L,1.1
ISF.L,iShares FTSE 100 ETF,STAN.L,1.0
ISF.L,iShares FTSE 100 ETF,SHEL,8.2
ISF.L,iShares FTSE 100 ETF,BP,4.1
ISF.L,iShares FTSE 100 ETF,ULVR,3.6
ISF.L,iShares FTSE 100 ETF,DGE,2.4
ISF.L,iShares FTSE 100 ETF,AZN,7.8
ISF.L,iShares FTSE 100 ETF,GSK,2.9
ISF.L,iShares FTSE 100 ETF,NG.L,1.3
ISF.L,iShares FTSE 100 ETF,VOD.L,1.6
ISF.L,iShares FTSE 100 ETF,LGEN.L,0.9
ISF.L,iShares FTSE 100 ETF,PRU.L,1.2
ISF.L,iShares FTSE 100 ETF,RR.L,1.5
ISF.L,iShares FTSE 100 ETF,BA.L,1.4
GFIN.L,Global Financials Index Fund,BARC.L,7.5
GFIN.L,Global Financials Index Fund,HSBA.L,9.2
GFIN.L,Global Financials Index Fund,JPM,11.0
GFIN.L,Global Financials Index Fund,GS,8.3
GFIN.L,Global Financials Index Fund,MS,6.1
GFIN.L,Global Financials Index Fund,C,5.4
GFIN.L,Global Financials Index Fund,DBK.DE,4.2
GFIN.L,Global Financials Index Fund,BNP.PA,4.8
GFIN.L,Global Financials Index Fund,SAN.MC,3.9
GFIN.L,Global Financials Index Fund,UBSG.SW,4.5
GFIN.L,Global Financials Index Fund,STAN.L,3.1
GFIN.L,Global Financials Index Fund,LLOY.L,2.8
GFIN.L,Global Financials Index Fund,NWG.L,2.2
GEQ.L,Global Equity Index Fund,AAPL,6.1
GEQ.L,Global Equity Index Fund,MSFT,5.8
GEQ.L,Global Equity Index Fund,GOOGL,4.2
GEQ.L,Global Equity Index Fund,JNJ,2.9
GEQ.L,Global Equity Index Fund,PG,2.3
GEQ.L,Global Equity Index Fund,KO,1.9
GEQ.L,Global Equity Index Fund,CAT,1.7
GEQ.L,Global Equity Index Fund,SIE,1.4
GEQ.L,Global Equity Index Fund,NESN,1.3
GEQ.L,Global Equity Index Fund,ROG,1.1
